epoch,lz_mean,lz_std,lz_min,lz_max,n
E1_low_entropy_baseline_1,0.017707094728497786,0.0062602469335000495,0.0116666666666666,0.09,841
E2_high_entropy_plateau,0.016505500127909918,0.002581582252465706,0.0116666666666666,0.0283333333333333,1303
E3_low_entropy_baseline_2,0.01694536019536016,0.004689496343597764,0.0116666666666666,0.115,5460
