spearman_rho,pvalue,n
0.06940933772076627,1.370805770493202e-09,7604
