variable,score_mean,score_sum,mean_r2_ext
connectome_entropy,0.07947012514276608,0.3178805005710643,0.41385307420666456
vt_entropy,0.07369009508019586,0.29476038032078344,0.40807304414409434
sie_v2_valence_01,0.0202304552057138,0.0809218208228552,0.35461340426961224
sie_total_reward,-0.0003914034869498817,-0.0015656139477995268,0.33399154557694855
sie_td_error,-0.0006708444954893751,-0.0026833779819575004,0.33371210456840905
