variable,score_mean,score_sum,mean_r2_ext
vt_coverage,0.07353105031354087,0.36765525156770434,0.38964603014887317
active_edges,0.03986028736101048,0.19930143680505236,0.2160563057102184
b1_z,0.017032331057457866,0.08516165528728932,0.14420495201856115
vt_entropy,0.007439073224979976,0.037195366124899876,0.7254872503349303
