boundary_tick,from_epoch,to_epoch,n_pre,n_post,O_mean_pre,O_mean_post,O_var_pre,O_var_post,TC_mean_pre,TC_mean_post,DTC_mean_pre,DTC_mean_post
10284,E1_low_entropy_baseline_1,E2_high_entropy_plateau,20,20,-29.10923004289753,-38.29122629033513,1.3871534299347619,48.18930915604365,5.0734484072462775,3.959688012393042,34.18267845014381,42.25091430272818
11587,E2_high_entropy_plateau,E3_low_entropy_baseline_2,20,20,-32.985791014697476,-23.869297267923148,95.60891021038553,9.117951656341845,4.792242263094832,7.1037339659453895,37.778033277792304,30.973031233868532
