epoch,O_mean,O_std,O_min,O_max,TC_mean,DTC_mean,n_windows,synergy_ratio
E1_low_entropy_baseline_1,-32.66689721020135,8.279648662811427,-44.30550483239686,-22.640950194783507,5.402440664833182,38.069337875034535,87,7.046692455660696
E2_high_entropy_plateau,-40.14602548843764,6.799994310987529,-44.45343566269649,-20.25888658858475,3.8602750651101676,44.00630055354781,130,11.39978364528589
E3_low_entropy_baseline_2,-29.6618199249748,6.835408713942282,-44.33836554083292,-19.92359143939552,5.225994335879085,34.88781426085389,549,6.675823205802475
