from_tick,to_tick,jsd_bits,com_shift
17160,17220,0.3231742748168878,3.290137640293862
17220,17280,0.22410567120730182,2.259086210136423
17280,17340,0.17431237213906414,1.8990872768634501
17340,17400,0.18710067594743712,2.514696289942491
