snapshot_tick,entropy_bits,effective_bins,occupied_bins,occupancy_frac,center_of_mass_x,center_of_mass_y
17160,7.643633650925395,199.96915194405543,366,0.357421875,14.114925752259872,17.546170359037294
17220,7.948213052229162,246.97360477100352,428,0.41796875,15.350700253327084,14.496929949592584
17280,7.673667697416648,204.1757472357111,372,0.36328125,16.450512275642243,16.470222634522923
17340,7.693349378373847,206.9802608865351,368,0.359375,18.014608407160985,17.547318626769083
17400,7.937567778159643,245.15795716801918,433,0.4228515625,17.13804755203693,15.190342068142606
