state,stationary_prob
0,0.08767151992809098
1,0.07509711866350306
2,0.07754214113161818
3,0.09046583132022022
4,0.2814633288128432
5,0.044944298759219785
6,0.05655310844879069
7,0.286262652935714
