state,stationary_prob
0,0.061694419231576994
1,0.06650177657429682
2,0.072110360140805
3,0.062495645455364
4,0.3142077370200395
5,0.051985815218808636
6,0.048646260360518
7,0.322357985998591
