state,stationary_prob
0,0.0
1,0.0
2,0.0
3,0.0
4,0.43730803212554864
5,0.07697049292843211
6,0.048125383896946254
7,0.43759609104907293
