state_category,n_ticks,active_edges_mean,active_edges_median,active_edges_std,active_synapses_mean,active_synapses_median,active_synapses_std,connectome_entropy_mean,connectome_entropy_median,connectome_entropy_std,vt_entropy_mean,vt_entropy_median,vt_entropy_std,vt_coverage_mean,vt_coverage_median,vt_coverage_std,b1_z_mean,b1_z_median,b1_z_std,sie_v2_valence_01_mean,sie_v2_valence_01_median,sie_v2_valence_01_std,sie_td_error_mean,sie_td_error_median,sie_td_error_std
post,58,47871.1724137931,47328.5,3328.3107624071818,48172.43103448276,47627.5,3114.809115899985,8.028364577378222,8.043652339444474,0.04634420827861959,7.6426156433553905,7.675600286397529,0.0960779274725905,0.7890862068965517,0.7912,0.00907737593035586,0.21769003953712807,0.11301795091409485,0.43511556131851664,0.6077537084485072,0.6051724892929659,0.011357484496920336,0.11679454804932898,0.04609875598996445,0.17852047932319037
pre,60,48088.566666666666,50899.5,5308.270720896559,47404.416666666664,47357.5,5271.836306618914,7.996462544787237,8.032181560395355,0.1297659709722106,7.564978614432575,7.655470564530594,0.24880901291043422,0.7851199999999999,0.7908999999999999,0.020310378076912265,-0.4580491443549416,0.005418366812496548,2.082045224683995,0.6221378557949703,0.6281346667261127,0.01497327823010933,-0.05039050483251874,-0.0047312632511897,0.3441943201243199
say,12,45031.416666666664,43622.0,4576.547695655105,47095.666666666664,45405.5,3918.8244836089984,7.989565238187594,7.989211560427094,0.07824040441673469,7.565056371472554,7.560778399147646,0.16122691481514476,0.77985,0.78,0.011781379761764247,1.5837234063656125,1.1868161273498607,0.7447679962079182,0.6184075056180127,0.6170126476231668,0.012668981564081399,-0.21262580592101318,0.0783896497809709,0.7818092393407791
silence,1401,52336.72091363312,52805.0,1508.294221931621,52336.62526766595,52808.0,1565.7617553367977,8.091066497407564,8.085566793587518,0.03361110908704629,7.757566794787264,7.751567084957999,0.059011409117668896,0.7997460385438971,0.7994,0.007804764136361091,-0.004775057291879406,0.0032618465220696,0.4551704413174743,0.6121465107037011,0.6115283827937097,0.015354531623850245,-0.00045376327901028757,0.0033833482730564,0.10337581094541672
