territories,n_say,mean_say_words,median_say_words,mean_say_len_tokens,median_say_len_tokens,mean_best_all_jaccard,mean_lcs_frac_say,immediate_zero_jaccard_frac,mean_past_tfidf_top1_sim
2,1,34.0,34.0,33.0,33.0,0.3548387096774194,0.3636363636363636,1.0,0.5720995939932922
3,6,7.666666666666667,6.0,7.333333333333333,6.5,0.4217032967032967,0.5930283224400871,1.0,0.5711728230000306
5,1,36.0,36.0,35.0,35.0,0.34375,0.3428571428571428,1.0,0.5557583829678099
6,14,19.142857142857142,10.0,18.357142857142858,9.0,0.35173101805554924,0.5453296703296704,1.0,0.5530645632221327
7,33,46.57575757575758,44.0,45.484848484848484,43.0,0.21101834452123663,0.2082377677533418,0.0,0.2975206636471809
8,34,43.94117647058823,30.5,43.0,30.0,0.1968256531247837,0.19121828611447342,0.08823529411764706,0.21376484614508337
9,441,74.44897959183673,52.0,71.87755102040816,48.0,0.18472346261467695,0.1310827677813605,0.4421768707482993,0.2381699707588229
