metric,q05,q25,q50,q75,q95
tri_frac_in_corpus,0.0,0.9,0.9515640273704791,0.96875,1.0
lcs_frac_say,0.009649859943977556,0.027875586854460024,0.0766559829059829,0.2,0.5
best_all_jaccard,0.13909380692167575,0.16433532703067721,0.1777777777777777,0.20284958871915393,0.3333333333333333
imm_jaccard,0.0,0.0,0.0281704111491345,0.06536976838683457,0.11419942473633742
within_output_uniqueness,0.6920518207282913,0.7816611842105263,0.8571428571428571,0.9517857142857142,1.0
past_tfidf_top1_sim,0.1463852630427524,0.1715349174152701,0.2061386725400502,0.2691111955061036,0.5503438263858749
past_tfidf_top1_lag,183.95000000000005,1427.75,3687.0,6594.5,10797.65
