{
  "ticks": {
    "t_min": 15925,
    "t_max": 17455,
    "n": 1531
  },
  "v2": {
    "min": 0.5870637629594299,
    "max": 0.6414904548678627,
    "mean": 0.6124207302423337,
    "std": 0.015331653569583928
  },
  "sine_fit_time": {
    "period_s": 49.98399679935987,
    "r2": 0.7781313925003046,
    "mean": 0.6124665360293575,
    "amplitude": 0.019228171415486536,
    "phase_rad": 1.9435504736571112
  },
  "sine_fit_tick": {
    "period_ticks": 25.908181636327264,
    "r2": 0.09629777873473755,
    "amplitude": 0.0067320137137787265
  },
  "correlations": {
    "v2_vs_omega_mean": 0.8173969399437877,
    "v2_vs_a_mean": -0.8165260520768559,
    "abs_residual_vs_dt": 0.48958211064781515
  },
  "dt_stats": {
    "50": 2.581888437271118,
    "90": 3.1956954002380384,
    "95": 4.1957322835922195,
    "99": 40.442793471813204,
    "99.5": 48.379991037845635,
    "99.9": 63.95294376611994,
    "mean": 4.142810941833297,
    "max": 98.25410485267639,
    "count_gt_10": 66,
    "count": 1530
  }
}