file,tick,bytes,n_nodes,nnz_edges,mean_degree,median_degree,max_degree,mean_weight,std_weight,territories
state_17160.h5,17160,262681,5000,105912,21.1824,11.0,112,0.5992262363433838,0.01665692962706089,9
state_17220.h5,17220,247651,5000,98694,19.7388,10.0,133,0.5992730259895325,0.01675836369395256,9
state_17280.h5,17280,261599,5000,105986,21.1972,11.0,116,0.5995410084724426,0.015100778080523014,9
state_17340.h5,17340,261181,5000,105624,21.1248,11.0,118,0.5993582010269165,0.01632801443338394,9
state_17400.h5,17400,260930,5000,105594,21.1188,11.0,116,0.5997487902641296,0.01725936122238636,9
