tick,N,nnz,mean_out_degree,max_out_degree,gini_out_degree,alpha_out_degree_kmin5,w_mean,w_var,corr_outdeg_W,top_hubs_json,territory_masses_json
17160,5000,105912,21.1824,112,0.7663531783556605,1.9104338557819256,0.5992262363433838,0.0002774532767944038,-0.07424922772254573,"[4621, 4455, 2485, 2235, 3640, 1450, 1538, 3682, 1568, 2415, 1685, 2437, 1684, 2885, 4850, 4882, 1803, 4810, 4757, 2517]","[10183.0, 33280.0, 11072.0, 67456.0, 153472.0, 225216.0, 114944.0, 287360.0, 191104.0]"
17220,5000,98694,19.7388,133,0.8174339255782769,1.9810594554078047,0.5992730259895325,0.0002808427670970559,-0.04066771130529463,"[1931, 2938, 1509, 2493, 4870, 4460, 1966, 3032, 1064, 3137, 2915, 4542, 2797, 1592, 1158, 1779, 4214, 4308, 2435, 1427]","[10183.0, 33280.0, 11072.0, 67456.0, 153472.0, 225216.0, 114944.0, 289856.0, 192448.0]"
17280,5000,105986,21.1972,116,0.7751550847735547,1.9228481851546126,0.5995410084724426,0.00022803348838351667,-0.050320090361775184,"[895, 2088, 3536, 3720, 69, 2766, 2523, 697, 3211, 3464, 3240, 890, 2056, 3005, 39, 4430, 2249, 1672, 3142, 1808]","[10183.0, 33280.0, 11072.0, 67456.0, 153472.0, 225216.0, 114944.0, 292160.0, 193984.0]"
17340,5000,105624,21.1248,118,0.7796114740036949,1.9300911764215485,0.5993582010269165,0.00026660403818823397,-0.05194470203356766,"[4299, 4988, 2180, 2112, 3285, 758, 1997, 4544, 832, 2873, 981, 1230, 1100, 3204, 2131, 1007, 942, 2204, 469, 2775]","[10183.0, 33280.0, 11072.0, 67456.0, 153472.0, 225216.0, 114944.0, 294144.0, 195840.0]"
17400,5000,105594,21.1188,116,0.7794253754497146,1.92906794703201,0.5997487902641296,0.0002978855627588928,-0.08135298081938662,"[2523, 610, 3369, 1682, 740, 2236, 2414, 1260, 1719, 4349, 4363, 3476, 1762, 2857, 3714, 1199, 2327, 4503, 2649, 4135]","[10183.0, 33280.0, 11072.0, 67456.0, 153472.0, 225216.0, 114944.0, 295872.0, 197952.0]"
