epoch,n_intervals,mean_ticks,median_ticks,std_ticks,cv,min_ticks,max_ticks,gt_2x_epoch_median_pct,short_interval_threshold_ticks,n_short_intervals,n_bursts,mean_burst_len,max_burst_len,shifted_exponential_loc,shifted_exponential_scale,ks_statistic,ks_pvalue,reject_shifted_exponential_p_lt_1e_6
E1,333,31.045045045045047,24.0,38.4696846819817,1.2391569935287197,10.0,466.0,6.606606606606606,20.0,73,,,,,,,,
E2,57,19.982456140350877,14.0,37.37335339328877,1.8703082909723088,10.0,295.0,1.7543859649122806,20.0,47,,,,,,,,
E3,139,39.84892086330935,23.0,61.014955836938434,1.5311570430284243,10.0,438.0,14.388489208633093,20.0,40,,,,,,,,
ALL,529,32.16635160680529,23.0,45.65154087019526,1.419232787983856,10.0,466.0,8.695652173913043,20.0,160,62.0,2.5806451612903225,17.0,10.0,22.166351606805293,0.2695425565959324,1.9584966948535765e-34,True
