epoch,n,var_mean,var_std,ac_mean,ac_std,var_median,ac_median
E1,1059,0.08131025440978802,0.09318713977896802,0.9693997977428304,0.026844529393976368,0.0147771865221055,0.958670863731428
E2,1100,0.0008320362462900696,0.0008165803870800212,0.9129919463521381,0.019537847381430672,0.0005157321578248999,0.911308419547767
E3,5545,0.034420659174311155,0.07120086355823349,0.8907739016049139,0.07829627696054599,0.0038594732854694,0.8826251590236601
