{
  "D2_11_landscape_JSD": {
    "17160_17220": 0.2578,
    "17220_17280": 0.2073,
    "17280_17340": 0.156,
    "17340_17400": 0.173
  },
  "D4_6_mip": {
    "by_epoch": {
      "E1": {
        "max": 0.475738,
        "mean": 0.07213,
        "n": 109,
        "nonzero_pct": 56.9
      },
      "E2": {
        "max": 0.073263,
        "mean": 0.006618,
        "n": 110,
        "nonzero_pct": 21.8
      },
      "E3": {
        "max": 0.517091,
        "mean": 0.032913,
        "n": 547,
        "nonzero_pct": 80.1
      }
    },
    "singleton_dist": {
      "E1": {
        "firing_var_log": 9,
        "log_text_words": 100
      },
      "E2": {
        "log_text_words": 101,
        "novelty": 9
      },
      "E3": {
        "firing_var_log": 9,
        "log_text_words": 532,
        "novelty": 6
      }
    }
  },
  "D7_7_lz_complexity": {
    "by_epoch": {
      "E1": {
        "mean": 0.017424,
        "n": 1057,
        "std": 0.005746
      },
      "E2": {
        "mean": 0.016564,
        "n": 1100,
        "std": 0.002536
      },
      "E3": {
        "mean": 0.016942,
        "n": 5447,
        "std": 0.004694
      }
    },
    "trend_p": 1.370805770493202e-09,
    "trend_rho": 0.0694
  }
}