eigval,mode_rank,implied_timescale_ticks,implied_timescale_minutes
1.0000000000000004,0,inf,inf
0.9832819591472488,1,59.31421632813561,2.550511302109831
0.9623219001511688,2,26.03741609512468,1.1196088920903613
0.9623219001511688,3,26.03741609512468,1.1196088920903613
0.9311813458599404,4,14.025002596314835,0.6030751116415378
0.9311813458599404,5,14.025002596314835,0.6030751116415378
