channel,boundary,pre_var_mean,post_var_mean,pre_ac_mean,post_ac_mean,var_ratio_post_over_pre,ac_delta_post_minus_pre,post_var_peak,post_ac_peak
entropy,E1_to_E2,0.021478507564998594,0.0016032709459927294,0.9563410108327779,0.9409982266246892,0.07464536077010406,-0.015342784208088656,0.0016259412405302,0.9416562322127358
entropy,E2_to_E3,0.0006686081882858665,0.1381817462820266,0.9198983429449515,0.992256946101618,206.67073587041736,0.07235860315666642,0.2426547948001006,0.998278894886626
pca_speed,E1_to_E2,0.6277364534904837,1.2703704338433366,0.49018004385760333,0.5385165112588042,2.0237321359617284,0.048336467401200844,1.272951829348289,0.5464553899533239
pca_speed,E2_to_E3,0.5876133483511561,1.1974187230232003,0.46816137387439327,0.5523773729284759,2.037766375428943,0.08421599905408261,1.264231536633074,0.5876497669648962
