epoch,rolling_variance_mean,rolling_variance_median,rolling_variance_max,rolling_variance_min,rolling_autocorr_lag1_mean,rolling_autocorr_lag1_median,rolling_autocorr_lag1_max,rolling_autocorr_lag1_min,channel
E1_low_entropy_baseline_1,0.10185251943654457,0.07486232886034945,0.2434719235052733,0.000713585569243,0.9767119882212225,0.9948811196540122,0.9984952182326604,0.9057724531706328,entropy
E2_high_entropy_plateau,0.0009039390224618403,0.0006660959981323,0.0016259412405302,0.0004699520675094,0.9174531700866219,0.9188215385633234,0.949335665471204,0.8894729998745383,entropy
E3_low_entropy_baseline_2,0.03434928953059932,0.0038609629400739,0.2604534939878255,0.0004798690340765,0.890878545869962,0.8826525149437222,0.9987028293828544,0.7033431936358089,entropy
E1_low_entropy_baseline_1,0.4545135780844982,0.430442263244946,1.271318412527516,0.1733232110562793,0.31133723358668375,0.32877558064697465,0.6572881283650865,-0.0116639135905053,pca_speed
E2_high_entropy_plateau,0.5761048457265868,0.5733511028184628,1.2746692092789127,0.0976643334345653,0.33928232839440414,0.4523479028308946,0.6319205498909912,0.0686568600379173,pca_speed
E3_low_entropy_baseline_2,2.1025216258303114,2.087604047890655,6.228800879834476,0.1171845982505253,0.4920066164344302,0.5292189340637982,0.6448844951230015,0.0073671707472991,pca_speed
