snapshot_t,community_count,out_degree_mean,out_degree_variance,participation_mean,participation_variance,convergence_variance,pagerank_variance,row_weight_variance
17160,8,21.1824,538.4156133626726,0.7193298135298817,0.009249455081906522,2.488202578711299,3.892040867082884e-08,0.0002775087903409515
17220,9,19.7388,510.3642474094819,0.7089576287675337,0.014245242212259403,2.3999313757611542,4.258079903789247e-08,0.00028089893714616397
17280,19,21.1972,582.5336188837767,0.8453683818420712,0.002666958267931068,3.1198104532846886,4.228519705879247e-08,0.00022807910012725562
17340,17,21.1248,593.7567763152631,0.8378936398774612,0.0027720660840238475,3.061059507169117,4.347371576965888e-08,0.0002666573898058641
17400,17,21.1188,589.6994264452892,0.8160865237655626,0.004775799881320309,2.7746548549330114,4.315461704564909e-08,0.0002979451555907741
