mapping,mean_match_cost,median_match_cost,p10_match_cost,p90_match_cost
17160_to_17220,1.6799564637587878,1.312409377674766,0.8467032679670691,3.2167501434516836
17220_to_17280,1.7975993091242704,1.3980736636868811,0.9101435192685907,3.4803886156659245
