metric,bridge_core_mean,rest_mean,cohens_d_bridge_vs_rest,bridge_core_pctile_mean
out_degree,9.61875,20.073347107438018,-0.4642686178975014,0.3834806250000001
participation,0.7321258533043364,0.7081917370473089,0.20063640772299918,0.55152125
convergence_score,-0.3186518598313494,0.01053394577954937,-0.21261907882082146,0.47058374999999997
pagerank,0.00010697689448856437,0.00020307514398379731,-0.46722831102129314,0.29509875
row_weight_param,0.6001170340925455,0.5992451326659888,0.0520196116997886,0.51167625
