,entropy,complexity,firing_var_log,reward_mean,td_error,void_unique_log
entropy,1.0,3.831011348129557e-43,0.0052293678296680985,0.0,0.0,8.472040583207896e-291
complexity,8.73654180097675e-68,1.0,4.2485616135345e-42,0.0,0.0,4.716615666194283e-171
firing_var_log,1.3999044434988526e-49,8.967961482714746e-45,1.0,4.400438271859676e-75,2.1449819928664286e-58,3.597593543221362e-145
reward_mean,2.101517810044496e-93,7.561574570155825e-47,5.220966331948398e-115,1.0,3.1606269507218625e-163,7.528795538227213e-183
td_error,1.2266701945279373e-44,1.1649255340297798e-29,2.5368620155557704e-72,6.412081427419738e-191,1.0,9.976447264030068e-106
void_unique_log,1.9111914672693288e-147,5.416537191878942e-22,2.417557803957176e-23,0.0,0.0,1.0
