,entropy,complexity,firing_var_log,reward_mean,td_error,void_unique_log
entropy,1.0,0.10945050004294872,1.3795206248356828e-226,2.1214181283791525e-227,8.82213402065306e-233,7.653961480378944e-101
complexity,4.438806772793673e-31,1.0,0.5113277295373286,3.5806217e-317,0.0,0.004290744138689734
firing_var_log,5.1444581441440356e-114,0.22951314572265283,1.0,9.052577410829115e-20,4.816799000180178e-27,9.813434652176979e-57
reward_mean,6.639681052417073e-12,0.07512625355869984,8.1411800557461e-12,1.0,0.24941899444998725,6.664727169224986e-10
td_error,1.706862782109295e-13,0.07662563598182993,6.329176488737177e-13,1.8060873416653165e-17,1.0,2.393758046140768e-13
void_unique_log,0.0827473390793934,0.11208447575461314,4.261669533448725e-134,1.3630085180304642e-66,2.905365517477627e-70,1.0
