,entropy,complexity,firing_var_log,reward_mean,td_error,void_unique_log
entropy,1.0,2.862909087609238e-16,0.16726120133042602,1.148772968245396e-301,1.4641410351191078e-295,8.88988572798935e-69
complexity,5.401864504664701e-16,1.0,0.04389694177300782,0.0,0.0,6.906492637952457e-34
firing_var_log,4.2013654640494986e-21,1.4106042419108733e-25,1.0,7.040139516928655e-17,2.2265175305949487e-16,1.0282792042136377e-27
reward_mean,1.994725169611272e-71,6.72227386620009e-20,3.461781431160106e-27,1.0,5.573496222074189e-09,2.3726797939378532e-54
td_error,1.763063566991878e-68,5.1336597228533004e-20,5.043673223484026e-25,1.0567274691055843e-09,1.0,6.375506803036041e-52
void_unique_log,1.7951903174923772e-24,5.843580386758379e-07,3.8120127146014155e-07,7.294100225957636e-68,1.4929189104573387e-65,1.0
