{
  "xmin": -0.07193475728694693,
  "xmax": 0.06448912499730407,
  "ymin": -0.09032392115501199,
  "ymax": 0.07793417172056666
}