{
  "xmin": -0.09019670851571814,
  "xmax": 0.06627791803112919,
  "ymin": -0.08473642637875717,
  "ymax": 0.06760292038601946
}