{
  "xmin": -0.052598551050514676,
  "xmax": 0.06182096381643728,
  "ymin": -0.10784258574961195,
  "ymax": 0.08389524378838295
}