{
  "xmin": -0.054637650834701956,
  "xmax": 0.05516330446874546,
  "ymin": -0.07097729370208658,
  "ymax": 0.08011857942815137
}