{
  "xmin": -0.07516440451230388,
  "xmax": 0.06147008642599604,
  "ymin": -0.06633247471260753,
  "ymax": 0.0713588316650258
}