snapshot,sha256,N,E,out_degree_mean,out_degree_median,out_degree_max,gini_out_degree,gini_pi_stationary,n_communities,spectral_eigvals_smallest
state_17160,fb82a273aea375cd00c8f295257c5ecff735672b8620adbba8405b79ea4938fb,5000,105912,21.1824,11.0,112,0.440744248054989,0.44074396725738296,8,"-1.95452e-16,0.481293,0.608673,0.614153"
state_17220,b0efc6feac60259e27ff6dc125c4887ba0467972c29679c14d6663b7a6e9b6d7,5000,98694,19.7388,10.0,133,0.44472102863395946,0.44472074975754167,9,"4.93244e-17,0.449603,0.594075,0.598525"
state_17280,414f1165967b66a91cdabc7e7eb07ef7e70d57e01ff2cc1c96411282cfc2f0d7,5000,105986,21.1972,11.0,116,0.4460363444228483,0.44603606589373856,19,"2.27441e-16,0.572215,0.60148,0.614819"
state_17340,986d5378ef1c6ed081939c0c1c184215f91e04bf380ff9e20999319d3f49f304,5000,105624,21.1248,11.0,118,0.44746616299325914,0.447465885284048,17,"-1.16454e-16,0.596208,0.599655,0.615133"
state_17400,61e4f5ec4423e25500ad401a79612f6216190a0ae67336d08f079e4fc993b341,5000,105594,21.1188,11.0,116,0.4472650074814856,0.44726472911539733,17,"-1.25957e-17,0.582147,0.605673,0.615272"
