tick,hellinger_speed
17220,0.001414839365642043
17280,0.0013918469833163014
17340,0.0014174731458981302
17400,0.0014820887969494918
