epoch_short,n_events,mean_words,median_words,mean_sent_len,mean_word_len,mean_clause_depth,mean_comma_density
E1,331,64.7703927492447,43.0,13.397160120845921,4.3243504531722055,0.4493595166163142,0.0618404833836858
E2,57,58.94736842105263,38.0,13.155087719298246,4.517192982456141,0.3941929824561404,0.07269298245614034
E3,136,79.93382352941177,54.5,13.587132352941175,4.35014705882353,0.4398970588235294,0.0613985294117647
