epoch_short,sd_sent_len,sd_word_len,sd_clause_depth,sd_words
E1,9.29413241594893,0.6546327569770475,0.5672757552349132,68.84903445217512
E2,8.883849134164564,0.7119709925520766,0.38925466501454925,65.61941705575296
E3,9.13888889494805,0.41444829064783806,0.5795204183206529,80.33487340210098
