epoch,LZ_PCA_sign_mean,TC_mean,O_mean,I_mip_mean,macro_eff_states,predMI_auc_1_1000,predMI_lag315,PCI_like_events_mean,causal_density_alpha0.01
E1_low_entropy_baseline_1,0.01770709472849779,5.402440664833181,-32.66689721020135,0.08899624343866909,8,264.175034286238,0.026927822344556,0.0001509587839972009,0.9666666666666667
E2_high_entropy_plateau,0.016505500127909918,3.8602750651101676,-40.14602548843763,0.005449914665305249,4,48.23012356767644,0.0500919483886866,2.025264407628882e-05,0.7333333333333333
E3_low_entropy_baseline_2,0.016945360195360165,5.225994335879085,-29.6618199249748,0.03304646532653737,8,579.5898417831324,0.6627428849922035,0.0001776069998870498,1.0
