metric,count,mean,std,min,median,p95,max
connectome_entropy,1531,8.084188010386296,0.048379489252727316,7.6721684554413985,8.083645174207488,8.134037812095624,8.146837678788751
vt_entropy,1531,7.744155571610186,0.09039131364236276,6.978893829246166,7.7491865002449565,7.822735480599665,7.849222899459416
sie_v2_valence_01,1531,0.6124207302423337,0.015336663095471438,0.5870637629594299,0.6118027953600446,0.635819371287168,0.6414904548678627
vt_coverage,1531,0.7986130633572829,0.009498974789292644,0.7354,0.7988,0.8118,0.8196
active_edges,1531,51943.80470280862,2336.5077186584294,39114.0,52798.0,52982.5,53092.0
b1_z,1531,-0.0016604185223244724,0.6304723931707211,-8.47355624970922,0.0063311439334743525,0.5483516391938976,3.3922688382054917
