macro_refit,ticks,fraction,mean_connectome_entropy,mean_vt_entropy,mean_active_edges,mean_b1_z,say_rate,input_rate
0,899,0.5686274509803921,8.062320353871637,7.707912813674168,51504.09069493522,-0.021788042239359397,0.0,0.3081201334816463
1,682,0.43137254901960786,8.111410356985921,7.789273022471885,52491.190615835774,0.023395816867356832,0.0,0.33724340175953077
