signal,slope,intercept
PC1,-1.385918775646896,-1.9042406285455264
entropy,-1.4689478708476327,-3.629705594200202
firing_var_log,-0.2906036998287767,-8.359789203225779
