file,tick,N,n_edges,connectome_entropy,modularity,n_components,gini_degree,gini_w,n_communities,n_bridge_edges,statuses_count,say_events_count,size_mb
state_17160_dashboard.json,17160,5000,105912,11.691441754366043,0.2770078053103832,1,0.440744248054989,0.01573989407040277,8,400,0,0,0.343
state_17220_dashboard.json,17220,5000,98694,11.663627065572328,0.29018849160696736,1,0.44472102863395957,0.0158341904582171,8,400,0,0,0.343
state_17280_dashboard.json,17280,5000,105986,11.656127446754986,0.2770488679902665,1,0.44603634442284834,0.014252794781827838,8,400,0,0,0.343
state_17340_dashboard.json,17340,5000,105624,11.644038598449821,0.26050269688007616,1,0.44746616299325903,0.015450641733517623,8,400,0,0,0.343
state_17400_dashboard.json,17400,5000,105594,11.647487684381128,0.26680333444355714,1,0.4472650074814857,0.016330952003504207,8,400,0,0,0.344
