epoch,n_ticks,baseline_random_pair_rr,mean_rr_lag1_600,max_rr_lag10_600,lags_above_base_plus_0.05,lags_above_base_plus_0.1,peak_count,total_longlag_returns_20_200,active_return_cells,top10_return_cell_share,top10_occupancy_share
E1_low_entropy_baseline_1,941,0.09154,0.09371856788449431,0.4182015167930661,133,76,33,9815,84,0.9550687722873153,0.5557917109458024
E2_high_entropy_plateau,1303,0.20482,0.2032597932702092,0.46687451286048326,93,13,42,25440,14,0.9879716981132075,0.9048349961627015
E3_low_entropy_baseline_2,5559,0.08612,0.13360790326818772,0.2351878612716763,224,4,40,62717,152,0.9063411834111963,0.5245547760388559
