origin,count,fraction,percent
cross_source_transfer,39,0.38235294117647056,38.23529411764706
endogenous,32,0.3137254901960784,31.372549019607842
could_be_source_continuation,31,0.30392156862745096,30.392156862745097
