tick_from,tick_to,mean_abs_w_delta,edge_jaccard,territory_distribution_stability
17160,17220,0.01913125067949295,0.0020275035260930887,0.9980320197383511
17220,17280,0.01796284131705761,0.001958096729978461,0.998045737782556
17280,17340,0.017694570124149323,0.00208362930340484,0.9980593128900127
17340,17400,0.01936473324894905,0.0022016189491065414,0.9980727470396429
