id,mass_start,mass_end,mass_delta,ttl_mean,ttl_min,ttl_max,s_mean_mean,s_mean_std,s_var_mean,w_mean_mean,w_var_mean,growth_share_of_total_delta,phenotype_cluster,phenotype_name
1,10183.0,10183.0,0.0,119.0,119,119,0.0054514657804212606,0.0,1.043333429560406e-05,0.5994914193191881,1.1460903384893136e-08,0.0,0,low_signal_fixed
2,33280.0,33280.0,0.0,-16323.0,-16443,-16203,0.0092472306816535,0.0,1.3770819236179473e-05,0.5993930403920789,4.787648995202956e-08,0.0,0,low_signal_fixed
3,11072.0,11072.0,0.0,-15500.0,-15620,-15380,0.6201769152062148,0.0,0.0007505995634453337,0.5999232637648062,7.061318404521889e-09,0.0,3,high_signal_fixed
4,67456.0,67456.0,0.0,-10784.0,-10904,-10664,0.6527627052584114,0.0,7.242100352730665e-05,0.5999238195512622,2.192539967843534e-08,0.0,3,high_signal_fixed
5,114944.0,114944.0,0.0,-3587.0,-3707,-3467,0.3044105450660808,0.0,0.033009643628004195,0.5996069793893993,4.575986651116288e-08,0.0,2,mid_signal_fixed
7,225216.0,225216.0,0.0,-3590.0,-3710,-3470,0.29604320036976084,0.0,0.0211570961312297,0.5994935728838177,9.973182404487127e-09,0.0,2,mid_signal_fixed
8,153472.0,153472.0,0.0,-3593.0,-3713,-3473,0.5247654070770635,0.0,0.01800682291752819,0.5995668313086835,1.8907593129004632e-08,0.0,2,mid_signal_fixed
9,287360.0,295872.0,8512.0,118.4,118,119,0.008771478713238853,0.0007962870836960149,1.1583632865068447e-05,0.599434117898339,2.590552599452855e-08,0.5541666666666667,1,frontier_growth
10,191104.0,197952.0,6848.0,117.6,114,119,0.0035311127561676223,0.0010485117649477033,7.281024539353245e-06,0.5994397827036555,2.278341268068549e-08,0.44583333333333336,1,frontier_growth
