phenotype_cluster,phenotype_name,territory_ids,n_territories,mean_mass_end,total_mass_end,total_mass_delta,mean_ttl,mean_s_mean,mean_s_var
1,frontier_growth,"9,10",2,246912.0,493824.0,15360.0,118.0,0.006151295734703238,9.432328702210846e-06
3,high_signal_fixed,"3,4",2,39264.0,78528.0,0.0,-13142.0,0.6364698102323131,0.00041151028348632016
0,low_signal_fixed,"1,2",2,21731.5,43463.0,0.0,-8102.0,0.0073493482310373805,1.2102076765891766e-05
2,mid_signal_fixed,"5,7,8",3,164544.0,493632.0,0.0,-3590.0,0.37507305083763504,0.02405785422558736
