t_min,t_max,n,v2_mean,v2_std,v2_min,v2_max,fit_period_s,fit_r2_time,fit_amp,fit_mean,fit_r2_tick,fit_period_ticks,corr_v2_omega,corr_v2_a_mean,corr_absres_dt,dt_median_s,dt_p95_s,dt_p99_s,dt_max_s,dt_count_gt_10_s
15925,17455,1531,0.6124207302423337,0.015331653569583928,0.5870637629594299,0.6414904548678627,49.98399679935987,0.7781313925003046,0.019228171415486536,0.6124665360293575,0.09629777873473755,25.908181636327264,0.8173969399437877,-0.8165260520768559,0.48958211064781515,2.581888437271118,4.1957322835922195,40.442793471813204,98.25410485267639,66
